metric,n_samples,pearson_r,spearman_r,mean_abs_diff,median_abs_diff,max_abs_diff,within_1pct,within_10pct,pct_within_10pct
Count_Cells_avg,9395,1.0,1.0,0.0,0.0,0.0,9394.0,9394.0,99.989356
slope,9395,1.0,1.0,0.0,0.0,0.0,9394.0,9394.0,99.989356
last_peak_ind,9395,1.0,1.0,0.0,0.0,0.0,,,
t_target_pattern,9395,1.0,1.0,0.0,0.0,0.0,9394.0,9394.0,99.989356
t_orth,9395,1.0,1.0,0.0,0.0,0.0,9394.0,9394.0,99.989356
t_slope,9395,1.0,1.0,0.0,0.0,0.0,9394.0,9394.0,99.989356
d_slope,9395,1.0,1.0,0.0,0.0,0.0,9394.0,9394.0,99.989356
