metric,n_samples,pearson_r,spearman_r,mean_abs_diff,median_abs_diff,max_abs_diff,within_1pct,within_10pct,pct_within_10pct
Count_Cells_avg,9395,0.9999649291302901,0.9998658895078114,0.011367277985260802,0.0,56.43723723723724,9379.0,9392.0,99.96806812134113
slope,9395,0.9042133497105007,0.8720255727647483,0.13076841724167443,0.0899929100471635,3.9176957093181657,164.0,1689.0,17.9776476849388
last_peak_ind,9395,0.6353856265909686,0.5883565584171934,0.2951922751423925,0.23048118289537395,2.179355844697395,,,
t_target_pattern,9395,0.9254715688090298,0.6916161885218077,1.4748037067503952,0.2630293823253142,256.0617254490216,3024.0,4018.0,42.76742948376796
t_orth,9395,0.823507354596549,0.7077939852840422,7.219942770319561,0.6760117633169925,3833.24758190488,168.0,3330.0,35.444385311335814
t_slope,9395,0.8056157272694369,0.7131075588674927,1.1129006402088288,0.6640073140276486,28.009447346685075,117.0,1259.0,13.400745077168708
d_slope,9395,0.884418754553092,0.7288846333646872,0.27410198474449304,0.17133589053756798,6.416403805596609,151.0,1595.0,16.97711548696115
